이름,국어,수학,영어,코딩
이민호,100,10,40,30
신해민,20,100,80,80
송현서,30,50,60,50
허성수,40,80,90,60
철수,150,30,110,200
오수현,50,10,50,70
이수현,60,10,90,90
백승민,90,40,70,50
이상호,40,80,70,100
이유빈,30,40,10,100
짱구,,90,,
송채헌,60,40,10,20
김서영,90,30,60,50
김채연,50,30,60,90
유리,160,100,,
이우용,100,30,20,60
이주연,80,20,20,40
이진유,90,90,80,60
이하얀,100,50,40,10
최정인,80,100,60,50
임채현,90,50,90,100
맹구,30,,,
고주희,40,10,60,60
손은지,80,20,10,70
허성수,40,80,90,60
