이름,국어,수학,영어,코딩,종합 점수,평균 점수,등수
임채현,90,50,90,100,330,82.5,1
이진유,90,90,80,60,320,80,2
최정인,80,100,60,50,290,72.5,3
신해민,20,100,80,80,280,70,5
이수현,60,10,90,90,250,62.5,7
백승민,90,40,70,50,250,62.5,8
김서영,90,30,60,50,230,57.5,9
김채연,50,30,60,90,230,57.5,10
이우용,100,30,20,60,210,52.5,11
이하얀,100,50,40,10,200,50,12
이유빈,30,40,10,100,180,45,14
이민호,100,10,40,30,180,45,17
